Age,Salary,Experience
-0.46106944597707344,-0.36215510063574724,-0.5669467095138409
1.3832083379312203,1.7073026172828083,1.7008401285415224
-1.5676361163220496,0.0,-1.3228756555322951
0.0,-1.396883959595025,0.1889822365046136
0.6454972243679028,0.05173644294796389,0.0
